episode,episode_reward,step,true_episode_reward
10.0,9.270479516462396,10000,9.270479516462396
20.0,12.328220410631088,20000,12.328220410631088
30.0,42.177497306539905,30000,42.177497306539905
40.0,99.2236916735745,40000,99.2236916735745
