episode,episode_reward,step,true_episode_reward
10.0,104.45699099996268,10000,104.45699099996268
20.0,135.49679447796674,20000,135.49679447796674
30.0,57.49731177399659,30000,57.49731177399659
40.0,46.13209948953504,40000,46.13209948953504
