episode,episode_reward,step,true_episode_reward
10.0,72.2831094552121,10000,72.2831094552121
20.0,61.53616267390754,20000,61.53616267390754
30.0,181.41989680619722,30000,181.41989680619722
40.0,164.54209446931353,40000,164.54209446931353
