episode,episode_reward,step,true_episode_reward
10.0,57.59249859923841,10000,57.59249859923841
20.0,67.67415733286806,20000,67.67415733286806
30.0,44.892681405992484,30000,44.892681405992484
40.0,24.74656964040586,40000,24.74656964040586
