episode,episode_reward,step,true_episode_reward
10.0,42.117257396413905,10000,42.117257396413905
20.0,101.02398724029041,20000,101.02398724029041
30.0,86.74770642874321,30000,86.74770642874321
