episode,episode_reward,step,true_episode_reward
10.0,42.117257396413905,10000,42.117257396413905
20.0,20.53860121458982,20000,20.53860121458982
30.0,69.6423776876687,30000,69.6423776876687
40.0,61.78518171199723,40000,61.78518171199723
