episode,episode_reward,step,true_episode_reward
10.0,42.117257396413905,10000,42.117257396413905
